layer,n_params,start,end,mean_abs_corr_Accuracy,max_abs_corr_Accuracy,mean_corr_Accuracy,std_corr_Accuracy,mean_abs_corr_epoch,max_abs_corr_epoch,mean_corr_epoch,std_corr_epoch
conv1_weights,150,0,150,0.02548666311639249,0.10570052365449119,0.010851897909064956,0.031780363057299095,0.007413932171674032,0.017931975765619564,-0.007369096541134031,0.004362007163019781
conv1→conv2,450,150,600,0.03294716867887411,0.08315948254828351,0.030579657760055536,0.02154588655668796,0.003940318625869294,0.01726356439049985,-0.0024463523127971737,0.00423357761299397
conv2_weights,1200,600,1800,0.028290463748271356,0.09232213951132,0.025698049843425993,0.021585658477018984,0.0029254341504717208,0.011198048210756,-0.0013461054349452831,0.003465614433922909
fc1_weights,600,1800,2400,0.025319270887382346,0.10489827567399213,0.020105112903685895,0.0275074859141056,0.00427059389462876,0.01701371166774819,-0.003676018072086402,0.005163321384547179
fc2_weights,16,2400,2416,0.04525564047588729,0.06355044649177768,0.04525564047588729,0.011108070859321147,0.005684284284757746,0.009300595071899594,-0.005684284284757746,0.0017051685227150123
biases,48,2416,2464,0.12866795125456765,0.35945864519882376,0.09191307363531213,0.15229109825212633,0.0402922712706312,0.1854655206725576,-0.006418199817793871,0.057615539365265006
