{
  "n_samples": 60,
  "n_healthy": 42,
  "n_degenerate": 18,
  "accuracy": 0.8,
  "precision": 1.0,
  "recall": 0.3333333333333333,
  "f1": 0.5,
  "metric_statistics": {
    "wasserstein_distance": {
      "mean": 0.033811010192051495,
      "std": 0.06720386785586953,
      "min": 0.00789611604973759,
      "max": 0.381360905817384
    },
    "mutual_information": {
      "mean": 0.26543122650760903,
      "std": 0.04738547478914799,
      "min": 0.10605188120854689,
      "max": 0.3173153535753829
    },
    "entropy_difference": {
      "mean": 3808.1459459404346,
      "std": 11373.59004372552,
      "min": 0.46728514244571784,
      "max": 42467.865178986336
    },
    "pred_sparsity": {
      "mean": 0.0,
      "std": 0.0,
      "min": 0.0,
      "max": 0.0
    },
    "pred_entropy": {
      "mean": -57.34047281742958,
      "std": 0.00810704151279654,
      "min": -57.36049046348191,
      "max": -57.309481201238626
    }
  }
}